,lambda,train_mse_0,test_mse_0,train_mse_1,test_mse_1,train_mse_2,test_mse_2,train_mse_3,test_mse_3,train_mse_4,test_mse_4,train_mse_5,test_mse_5,train_mse_6,test_mse_6,train_mse_7,test_mse_7,train_mse_8,test_mse_8,train_mse_9,test_mse_9,train_mse_10,test_mse_10,train_mse_11,test_mse_11,train_mse_12,test_mse_12,train_mse_13,test_mse_13,train_mse_14,test_mse_14,train_mse_15,test_mse_15,train_mse_16,test_mse_16,train_mse_17,test_mse_17,train_mse_18,test_mse_18,train_mse_19,test_mse_19,train_mse_20,test_mse_20,train_mse_21,test_mse_21,train_mse_22,test_mse_22,train_mse_23,test_mse_23,train_mse_24,test_mse_24,train_mse_25,test_mse_25,train_mse_26,test_mse_26,train_mse_27,test_mse_27,train_mse_28,test_mse_28,train_mse_29,test_mse_29,train_mse_30,test_mse_30
0,1e-11,0.006403243496562655,0.006405911218878091,0.003399300040283775,0.003401316470042416,0.0032385026054029763,0.003249209048934511,0.002898626359363896,0.0029158673950127473,0.002696759468683936,0.0027308448499441763,0.0025879648528215173,0.0026355987308360612,0.0022314512189240596,0.0022664945558994697,0.0019460324186815117,0.0019829503788964383,0.0018920721399020286,0.0019418939304083904,0.0017237473285906801,0.001787248219233202,0.0015902822690920127,0.0016660244378336492,0.001515255263520544,0.001578115810019997,0.001447371588973821,0.001529611238325151,0.0013695788161774136,0.0014275341639386804,0.0014470786060414218,0.0015005694223160313,0.0014581426651494437,0.001519483584993779,0.0014813400263401916,0.0015281067017992806,0.0017539952086957594,0.0018433438635173743,0.002975273389121365,0.0030689804174407888,0.010749743979698046,0.01184332664122979,0.4133291367295687,0.40114232610366524,1.1508715252964814,1.1415184281888684,7.806047443084348,7.753315468058373,2.427769614166705,2.3455750506467044,26.165578028925598,31.885208231883688,1.028477188980111,1.0444613501382118,1.7273378708984413,1.6545929061973292,251.40051252813123,244.3917616486046,21.617217875142877,21.47041312732635,726.8102079402428,915.4067578670035,103.42268844283645,116.39402865598663
1,1.67683293681101e-11,0.006403243496562655,0.006405911218878091,0.003399300040283775,0.0034013164700424153,0.0032385026054029763,0.00324920904893451,0.0028986263593638963,0.0029158673950127325,0.0026967594686839362,0.002730844849943269,0.0025879648528215173,0.0026355987308460346,0.0022314512189240596,0.0022664945557113836,0.001946032418681681,0.0019829503564502493,0.001892072139987586,0.0019418938328410588,0.001723747345438282,0.0017872452702528644,0.001590526909439696,0.001665998712144971,0.001516093281585251,0.001577460685714628,0.0014443244011605755,0.0015104616884640276,0.001359950443388636,0.0014264535713095752,0.001358477929641335,0.001422788863121504,0.001345996283354491,0.001415763944706166,0.0013855748597904375,0.001461955444876165,0.001403417207120242,0.0014798257296937014,0.0014863104356251532,0.0015669923547501307,0.001419137698984057,0.0015455103399938464,0.0017181377251054447,0.0017466664078593867,0.0025150175036929255,0.0027649176720166,0.0047027181787757085,0.004943713661518042,0.09173928415295438,0.08313265796554987,4.0632514401866695,3.719409758219342,0.9932739713199152,1.0568633858929681,70.99449298872338,77.87184128975485,10.915983701518316,10.10616152915701,8.903834970224002,9.005347180598516,494.84075177619735,446.1573697154283,10.237448290938202,10.100212539750302
2,2.811768697974225e-11,0.006403243496562655,0.006405911218878091,0.003399300040283775,0.0034013164700424153,0.0032385026054029763,0.00324920904893451,0.0028986263593638963,0.002915867395012703,0.0026967594686839362,0.0027308448499427903,0.0025879648528215173,0.002635598730839426,0.0022314512189240596,0.0022664945557232773,0.0019460324186821789,0.0019829503602807655,0.0018920721402437685,0.0019418936746169145,0.001723747394053311,0.0017872442558991627,0.0015911071093595887,0.0016665840604706192,0.0015190869164990045,0.0015810218529021536,0.0014409160339465814,0.0015061901658925294,0.0013618904385335967,0.001424236332790926,0.0013413518471997855,0.0014104506476372435,0.001320982724021292,0.0013862734892744742,0.001317789032903493,0.001381664458158263,0.0013034087721837187,0.0013712906853989672,0.0012903533959854035,0.0013700455167204178,0.00131160170197474,0.0013996441502186613,0.0013430744872423368,0.0014105031663427085,0.0014192139276221055,0.0015064426186919496,0.001594043927302993,0.0016971745654146037,0.0021868019892905427,0.002349305664501139,0.00221599857349196,0.002234125498641031,0.0032477663092421337,0.003208621751849783,0.04344087105997728,0.04241291091307513,0.0813355481541781,0.0881832416355973,1.915229220357125,1.8623170452798212,1.8778059997960508,2.491958697492652,358.15502495938915,367.9333395926321
3,4.71486636345739e-11,0.006403243496562655,0.006405911218878092,0.003399300040283775,0.0034013164700424153,0.0032385026054029763,0.0032492090489345095,0.0028986263593638963,0.0029158673950126722,0.0026967594686839362,0.0027308448499416644,0.0025879648528215177,0.002635598730819223,0.002231451218924063,0.002266494555511871,0.0019460324186835313,0.0019829503448583557,0.0018920721409777317,0.0019418933555776397,0.0017237475124426826,0.0017872291382882942,0.001592580096664454,0.0016668770690645384,0.0015222805333455116,0.001584265443002477,0.0014428744667636646,0.001505681926582869,0.001366083799284156,0.0014253756340056362,0.0013397822681572055,0.0014105610423964209,0.0013226523757316362,0.0013955091313740107,0.001307950580775261,0.0013778916471517866,0.0012891376238831655,0.0013584410456841257,0.0012727533200637762,0.0013469860715617078,0.0012589169715504357,0.0013396871873819789,0.0012594410362073015,0.001350563339900022,0.001281647839634277,0.001366992091556191,0.0013021218305609519,0.0013794234077553432,0.0013626838571364664,0.001502387732975881,0.0014113427630234449,0.0015195778427697496,0.0014183590254416398,0.001561201358606734,0.0017364917980826396,0.001803099109717713,0.0018197720850542036,0.0019000437826655857,0.001921416108818403,0.0019853425932662137,0.0029154496546252855,0.0032996496816937713,0.003525653673354269,0.0035813574495046985
4,7.906043210907701e-11,0.006403243496562653,0.006405911218878092,0.003399300040283775,0.0034013164700424153,0.0032385026054029763,0.003249209048934508,0.0028986263593638963,0.002915867395012596,0.0026967594686839362,0.002730844849939704,0.0025879648528215173,0.0026355987308198615,0.0022314512189240683,0.0022664945551009695,0.0019460324186872878,0.0019829503342252727,0.0018920721430337923,0.0019418922969762814,0.0017237478534830957,0.0017872151249715175,0.0015955694796057282,0.001669220383882929,0.001526515063661317,0.0015874710353526618,0.0014466769314023732,0.0015096631111619736,0.0013750908342629294,0.0014339490006483508,0.0013438041006892405,0.001409630679020561,0.001327082494315183,0.0013967447828837235,0.0013115195964560442,0.0013752386287751305,0.0012928249855908053,0.0013669559729430694,0.0012728444014422143,0.001342001587100559,0.0012608358407405948,0.0013374897253111808,0.001246093935193561,0.0013267790816188646,0.0012506558746297645,0.0013297943692987704,0.0012551230784404986,0.0013348656973759588,0.001267522432005012,0.00135727049601203,0.0012623096941577218,0.0013700402020841464,0.0012840721749360277,0.0013681863507046578,0.0012964082870900054,0.0013856829225108009,0.0013654158559790526,0.0014722033263179298,0.0013021032652055747,0.0013841914715913052,0.0013634099954784036,0.0014254174952388421,0.001393740447901523,0.0014577536803377544
5,1.3257113655901109e-10,0.006403243496562655,0.006405911218878091,0.003399300040283775,0.003401316470042416,0.0032385026054029763,0.0032492090489345043,0.0028986263593638963,0.0029158673950124814,0.0026967594686839362,0.0027308448499360908,0.002587964852821517,0.00263559873080464,0.0022314512189240835,0.0022664945543974693,0.0019460324186979443,0.0019829503065091894,0.0018920721488593609,0.0019418911449234626,0.0017237488153814616,0.0017871903497264543,0.0016014452215055944,0.0016741621375203723,0.0015301832250123246,0.0015914721560619488,0.0014515493093995833,0.001513021433092948,0.0013848718486103892,0.0014423741193075187,0.0013493706825998563,0.001414176293438145,0.0013325689857714667,0.0014001210033708212,0.0013161621836753493,0.0013856967388886634,0.0012969848781256496,0.0013670668709342287,0.0012781667528591154,0.0013489266249367316,0.0012590366189137597,0.0013328695396174898,0.0012487992399487283,0.0013204319748470138,0.00124274290634524,0.0013122355176631646,0.0012439928982795445,0.0013263414576748006,0.001243431796763513,0.0013176315369329687,0.0012380359629723318,0.001331343216186388,0.0012336853377679772,0.0013031572128790613,0.001219704338377945,0.0013160919221542964,0.0012135057669923359,0.0013051582521080764,0.0012316712933579468,0.0013257353998348902,0.0012507839405888697,0.0013280858888889769,0.0012241721894068682,0.0013126586538609608
6,2.222996482526191e-10,0.006403243496562655,0.006405911218878091,0.003399300040283775,0.003401316470042416,0.0032385026054029763,0.0032492090489345004,0.0028986263593638963,0.0029158673950122832,0.0026967594686839362,0.002730844849930644,0.0025879648528215173,0.0026355987307700793,0.0022314512189241286,0.0022664945538214817,0.0019460324187278027,0.001982950250296993,0.0018920721650739782,0.0019418895658698404,0.0017237514103322633,0.0017871581432033572,0.0016107983383336938,0.0016827583084317894,0.001533604344232277,0.0015942132801866943,0.0014579848009071373,0.001518703958738076,0.0013965464895491601,0.001454843963627141,0.0013560489332349666,0.0014174188593853603,0.0013388175612706551,0.0014058083863496581,0.0013235353285716493,0.0013907330928671167,0.001305659714764758,0.0013722475817389025,0.0012877475480941505,0.0013561623349951876,0.0012693746629647586,0.0013388406610078348,0.001254985549811106,0.0013226353202867417,0.0012446105612225272,0.0013199189806793244,0.0012398952753841248,0.0013155827654107934,0.0012357856808865402,0.00131309588144712,0.0012294226930917927,0.0013042953661619578,0.0012230144366692907,0.001297373165782035,0.0012166926748903403,0.0013142666184005494,0.0012074118164400534,0.0012950625904802962,0.0012033021644920754,0.001298162810597652,0.0011985770347919319,0.0012884521187129828,0.0012057952585069777,0.0013074302103660374
7,3.727593720314938e-10,0.006403243496562655,0.006405911218878091,0.003399300040283775,0.003401316470042416,0.0032385026054029763,0.0032492090489344913,0.0028986263593638963,0.0029158673950119693,0.0026967594686839354,0.0027308448499210984,0.0025879648528215173,0.002635598730774272,0.00223145121892428,0.0022664945523719403,0.001946032418811946,0.001982950164207722,0.001892072210782746,0.0019418861704736438,0.0017237583927275871,0.0017870927410527909,0.001623267961230464,0.0016945045819991924,0.0015369592995618958,0.0015973397155624037,0.0014658111543477707,0.0015249030454393543,0.0014103277840449358,0.0014696341866805,0.0013641704696947935,0.0014230773605625835,0.0013449041636610464,0.0014107450706787386,0.0013309857918544694,0.0013985836555742478,0.001314315376963264,0.0013817703032440551,0.0012960923318349029,0.001363293499702569,0.0012790921544794133,0.0013458300176962695,0.0012644572513812512,0.0013352540678452118,0.001252868780462036,0.0013230969797492283,0.0012458173459180444,0.0013173037811193464,0.0012380081409979356,0.001311107581765378,0.0012329474848353727,0.001311456157632423,0.001222947553483568,0.0013056282538431772,0.0012155607162202453,0.0013031204801166097,0.001208312684667419,0.001298603238025547,0.0012024430010317171,0.0012955360106685378,0.0012019079818909525,0.001296141161949776,0.0011913682142110252,0.0012797247618369233
8,6.250551925273976e-10,0.006403243496562653,0.006405911218878091,0.003399300040283775,0.003401316470042416,0.0032385026054029763,0.0032492090489344774,0.0028986263593638963,0.002915867395011416,0.002696759468683936,0.0027308448499048323,0.0025879648528215177,0.0026355987307066947,0.0022314512189246785,0.002266494549800091,0.0019460324190486763,0.0019829500384008834,0.001892072339146203,0.0019418806115462611,0.0017237766697242723,0.0017870159987150018,0.0016373625502036856,0.0017081463743271984,0.0015410090113594445,0.0016005923764608088,0.001474678309649671,0.0015326719134163363,0.001425302539434049,0.001484901390704721,0.0013745628022030477,0.0014326305270406215,0.0013512810623963142,0.0014141218552038352,0.0013384864486255617,0.0014054098957656997,0.001323292112866613,0.0013894379685365998,0.0013059373441308157,0.001372567913473127,0.0012891612739060463,0.0013549987662335467,0.0012744982246150373,0.0013434053686580225,0.0012621442509182913,0.0013315313046568865,0.00125308622922404,0.0013246282088595425,0.0012460416623642882,0.0013204252994551949,0.001238808211804387,0.0013126887387292152,0.0012322022023080613,0.0013082343045046183,0.0012241527987985638,0.0013082721627012222,0.0012162924320146674,0.001301188750266967,0.0012089966845416885,0.0012994499435754277,0.0012030152398090656,0.001290268625046467,0.0011959250923901806,0.0012864505263202677
9,1.048113134154683e-09,0.006403243496562655,0.006405911218878091,0.003399300040283775,0.003401316470042417,0.0032385026054029763,0.003249209048934454,0.0028986263593638963,0.0029158673950105117,0.0026967594686839362,0.00273084484987806,0.00258796485282152,0.002635598730586673,0.002231451218925809,0.002266494545799182,0.0019460324197137849,0.001982949814333148,0.0018920726976983306,0.00194187134868806,0.001723822259676665,0.0017868824894805783,0.0016512423902606322,0.001721689718629785,0.0015468785541120711,0.001605481036150607,0.0014842198860804026,0.0015414050990577486,0.0014405959856917537,0.0015004813358396821,0.0013879564581155157,0.0014453890875545691,0.0013586762091521514,0.0014196269455060313,0.0013458049723093965,0.0014114731548549187,0.0013324497197323927,0.0013977759372657298,0.0013160948857150172,0.0013809466716678508,0.0012993809128239745,0.0013649449365396552,0.0012845634939498438,0.0013522189626656508,0.0012723303762476232,0.0013419072338396374,0.0012624792765070997,0.0013318839367826149,0.0012550315085908452,0.0013261217475790627,0.0012478494272984285,0.001320821189752915,0.0012413032220245362,0.0013175797591064252,0.0012342095445492091,0.0013132708548176952,0.0012264189767592045,0.001309384872781844,0.0012186793898578564,0.0013037280287617335,0.0012120825857917287,0.0012961114859125216,0.00120468608535493,0.0012940559112415173
10,1.7575106248547893e-09,0.006403243496562655,0.0064059112188780895,0.003399300040283775,0.0034013164700424183,0.0032385026054029763,0.003249209048934415,0.0028986263593638963,0.0029158673950089773,0.002696759468683936,0.0027308448498332685,0.0025879648528215242,0.002635598730403604,0.0022314512189289815,0.0022664945390871148,0.0019460324215822514,0.0019829494360066855,0.0018920736979721017,0.0019418564928457254,0.001723929204275972,0.0017867517998068783,0.0016635562195653007,0.0017336700093142743,0.0015556630109284683,0.0016135464814557535,0.0014947713316410156,0.001550759791981744,0.0014554439850210834,0.0015151474872803544,0.0014043078987567292,0.0014623471552336756,0.0013682447825365202,0.0014276700537094607,0.001353243964830961,0.0014170853131918253,0.0013417246225604913,0.0014069303794516336,0.0013267371616000486,0.0013908330508875164,0.0013102680569731162,0.0013743372051117561,0.0012950690852344521,0.001360819853011786,0.0012824488498366085,0.00135019300888638,0.0012723266475076597,0.0013412990823906778,0.001264167281036157,0.0013342548170959998,0.0012574399513876318,0.00132928861974285,0.001251132189754027,0.0013250399274740963,0.0012445467368784999,0.0013205418375109679,0.001237575724384067,0.001318634197492529,0.0012303359724390212,0.0013154260289688171,0.0012226204569168622,0.0013091058910577815,0.0012156391216538696,0.0013015680616627605
11,2.94705170255181e-09,0.006403243496562655,0.0064059112188780895,0.003399300040283775,0.0034013164700424196,0.0032385026054029763,0.003249209048934349,0.002898626359363896,0.002915867395006406,0.002696759468683936,0.0027308448497575335,0.002587964852821538,0.0026355987301390892,0.002231451218937897,0.002266494527746426,0.001946032426836585,0.001982948813440328,0.0018920764723942634,0.0019418333582668494,0.0017241592512378125,0.001786646312468227,0.0016737587780849938,0.001743600683072239,0.0015677758513937615,0.0016252318596569274,0.0015071024229118682,0.0015623002271905123,0.001469308328066493,0.0015283055829678753,0.0014228118750375233,0.0014817233118072461,0.0013810916775291897,0.0014396842606339386,0.0013614319373470185,0.0014236208509452192,0.0013509972581839092,0.0014156089416449687,0.0013379300993266296,0.0014015248767366517,0.001322105296082669,0.0013847184120016078,0.0013064481713038678,0.0013705815420231248,0.0012931258083132384,0.0013592109736985161,0.0012825079238890091,0.0013503200214146644,0.0012740059780242006,0.0013432368379421348,0.0012670729464311107,0.001337071903538325,0.0012609905450947031,0.001332261506987381,0.0012549527559736094,0.0013288793592061685,0.001248325934733659,0.001325460801602748,0.0012414133917636936,0.0013236111988663753,0.0012340445974880331,0.0013195878703108038,0.0012268923784072721,0.0013141664217827648
12,4.941713361323838e-09,0.006403243496562655,0.006405911218878088,0.003399300040283775,0.0034013164700424222,0.0032385026054029763,0.003249209048934239,0.002898626359363896,0.00291586739500209,0.002696759468683936,0.002730844849631106,0.002587964852821577,0.002635598729666869,0.0022314512189629725,0.0022664945086963316,0.0019460324415985883,0.0019829477617994183,0.0018920840954017883,0.001941797526393646,0.0017246071029450554,0.001786649053254937,0.0016818023439161927,0.0017513051946073672,0.0015827793610194078,0.0016404012085255246,0.0015217620978012884,0.0015765912278803435,0.0014821184439065872,0.0015399579775846302,0.001441878539986426,0.0015015200989700057,0.001397682618171861,0.0014561476026985773,0.0013715405118991607,0.0014323544199402244,0.0013602855412425774,0.0014242167468933062,0.0013494654803701002,0.0014128820283339076,0.0013349757536488852,0.0013970718053810296,0.0013192240854552986,0.0013815481206518715,0.0013049182794409489,0.0013693003191600378,0.001293460373992869,0.001360333485698155,0.001284538010960555,0.0013533105935976608,0.0012773588949366687,0.0013469758835487652,0.0012712673284092772,0.0013417992731639436,0.0012655155731639204,0.0013379623770828062,0.0012594857351155633,0.0013347170839090505,0.001252969995738512,0.0013317553414055596,0.001245997097604201,0.0013291704918622317,0.00123889841106331,0.0013254722787009406
13,8.28642772854686e-09,0.006403243496562655,0.006405911218878085,0.003399300040283775,0.0034013164700424274,0.0032385026054029763,0.003249209048934054,0.0028986263593638963,0.002915867394994858,0.0026967594686839362,0.002730844849419296,0.002587964852821685,0.0026355987288344965,0.00223145121903347,0.002266494476722292,0.0019460324830592977,0.0019829460224008192,0.001892104723649067,0.0019417474127501426,0.001725399170228029,0.0017869117418840212,0.0016880092334619408,0.0017570779563761553,0.0015996817158502798,0.0016580640615069086,0.001538469140610972,0.0015933248890076068,0.0014945677590344607,0.0015507206671787263,0.0014599487244649546,0.0015197177738088545,0.0014172641796964627,0.0014764924920044162,0.0013848573755720034,0.0014447906352554128,0.0013701336315501197,0.001433082619700005,0.0013609847468220777,0.001424619874505808,0.0013486427824013411,0.0014105808351954144,0.001333519858708747,0.001394457299885547,0.001318473355870772,0.00138094190982597,0.0013057323965471016,0.0013710564595340194,0.0012959457455088755,0.001363891977094412,0.001288383951163183,0.0013580125804003413,0.0012821725148664158,0.001352571478280541,0.0012766219671823012,0.0013482831515335746,0.0012710540833431375,0.001344387283534049,0.0012650377736850647,0.0013416803536713355,0.0012584767494623506,0.001339081002256196,0.0012515611466497349,0.001336373574325631
14,1.389495494373136e-08,0.006403243496562655,0.006405911218878081,0.003399300040283775,0.0034013164700424344,0.0032385026054029763,0.003249209048933744,0.002898626359363896,0.0029158673949827353,0.0026967594686839362,0.0027308448490635834,0.002587964852821991,0.002635598727490999,0.002231451219231683,0.0022664944228150616,0.0019460325994072626,0.001982943167999499,0.0018921591869792698,0.0019416872721475364,0.0017267034509590821,0.001787624493814707,0.0016929145375709314,0.0017614288344260285,0.0016173383712282663,0.0016769866654274522,0.0015561990691756694,0.0016113146046941224,0.001508011207717766,0.0015625854652326903,0.001476177052374316,0.001535201949238554,0.0014380101039679356,0.0014981039709685779,0.00140190759251903,0.0014617403879056744,0.001381682246125053,0.0014436054340635834,0.0013723162770815254,0.0014358851332289565,0.0013625386974634016,0.001425057224269537,0.0013490515873229101,0.0014095538943585026,0.0013339821237906037,0.001394428636279712,0.0013200155408822855,0.0013829063129274445,0.0013088216873179369,0.001374917615301683,0.0013004527023077108,0.0013695528144791996,0.00129397174715906,0.0013647468208825508,0.001288469659926119,0.0013600422109142272,0.0012832606392403293,0.0013559879364447558,0.0012777871555727186,0.0013524495693390463,0.0012717446347538623,0.0013501028957953489,0.0012651730676501542,0.0013477656415015354
15,2.329951810515372e-08,0.006403243496562655,0.006405911218878076,0.003399300040283775,0.003401316470042446,0.0032385026054029763,0.003249209048933225,0.0028986263593638963,0.0029158673949624203,0.0026967594686839362,0.002730844848467784,0.0025879648528228474,0.002635598725226915,0.0022314512197889663,0.002266494333290838,0.00194603292549687,0.0019829385094641545,0.0018922974425511579,0.0019416451712284718,0.0017287391056520038,0.0017890300054539704,0.001697118625225491,0.001764929691490286,0.0016346123064704186,0.001695764075057457,0.0015738720181549272,0.0016294302364695465,0.0015236425340565895,0.0015771853771701914,0.0014907690150839739,0.0015481037061267743,0.0014579388923015412,0.0015183382441933838,0.0014218286927533206,0.0014823133819350735,0.0013961011280287285,0.0014575416109347222,0.0013839703714697848,0.0014472608950604569,0.0013760051332143172,0.0014391793803334584,0.0013650898303182754,0.0014260988777824747,0.0013510931586729104,0.0014104940185837161,0.0013365611248301336,0.001396960073980957,0.001323841397978994,0.0013873769970332826,0.0013140659976108044,0.001381265792358493,0.001306876461178767,0.0013771127037468436,0.001301240886603213,0.0013732787108239456,0.0012962580704101504,0.0013691476372765423,0.0012912885107858462,0.0013653826945865294,0.0012858786062793135,0.0013621745954629358,0.0012798419678738415,0.0013598176657769433
16,3.906939937054621e-08,0.006403243496562655,0.006405911218878064,0.003399300040283775,0.003401316470042467,0.0032385026054029763,0.0032492090489323533,0.0028986263593638963,0.0029158673949283504,0.0026967594686839375,0.0027308448474682506,0.002587964852825257,0.002635598721411579,0.0022314512213556918,0.002266494183433838,0.0019460338373881725,0.0019829310683581293,0.001892627660175491,0.0019417004240179663,0.0017316954058679793,0.0017913037408018612,0.001701180902033778,0.001768081275028855,0.0016506500725199814,0.0017132605721733147,0.0015910533056645287,0.0016473260204526122,0.0015414761978193923,0.0015947524486055208,0.001504978490776125,0.001560156011430255,0.0014758349709848872,0.0015354930732247507,0.001442681219659402,0.0015038468971982158,0.0014136353080569076,0.001475235348096475,0.0013970284495173073,0.001460006231586554,0.0013888773508811878,0.001452512816754053,0.001380653323306147,0.001442752189496261,0.0013689122327032498,0.0014285642321890588,0.0013549427281345304,0.0014136499341017273,0.0013412488503159238,0.0014016787225531815,0.001329798673258647,0.0013939857430027244,0.0013212647643964551,0.0013894950751971637,0.001315043055798688,0.0013864368499742355,0.0013100800197267887,0.0013832800761583973,0.0013055103272305755,0.0013796705608866333,0.0013007460460610796,0.0013761615488449184,0.0012954336442400174,0.0013731477569727244
17,6.551285568595509e-08,0.006403243496562655,0.006405911218878048,0.003399300040283775,0.0034013164700425003,0.0032385026054029763,0.0032492090489308926,0.0028986263593638963,0.0029158673948712203,0.0026967594686839406,0.0027308448457921174,0.0025879648528320297,0.0026355987150210704,0.002231451225759574,0.0022664939339133603,0.0019460363779409753,0.001982919714589303,0.0018933485328114503,0.0019420218903634494,0.0017355453571519391,0.0017943520177612228,0.0017055130305826418,0.00177128103598638,0.0016650928239259743,0.0017288831887661588,0.0016079828070206226,0.0016653469964567334,0.001560256426558778,0.001613912593348497,0.0015204172535889112,0.0015737453100538369,0.0014917662849678632,0.0015495172850286307,0.0014625087117026863,0.001523681160738147,0.0014331731013795355,0.0014953804043581734,0.0014123374666073299,0.0014754156980634784,0.0014017857970860938,0.0014657319203745724,0.0013950673298417818,0.0014583338966152953,0.0013862247422396143,0.0014470434359397182,0.0013741218309633746,0.0014326154265241352,0.0013605669304908475,0.0014188145482318536,0.0013478684164130018,0.0014084874759077146,0.0013376187982290682,0.0014023177712896048,0.001330142838926016,0.0013991614345157583,0.0013247185590560093,0.00139700049641225,0.0013203108692074659,0.001394520956970948,0.0013161019386150824,0.0013913625965890348,0.0013115606164712207,0.00138814043883995
18,1.0985411419875573e-07,0.006403243496562655,0.006405911218878018,0.003399300040283775,0.0034013164700425584,0.0032385026054029763,0.0032492090489284428,0.0028986263593638963,0.002915867394775397,0.0026967594686839497,0.0027308448429816446,0.002587964852851078,0.0026355987043462205,0.0022314512381367137,0.002266493521194812,0.0019460434131892829,0.0019829036231221665,0.001894738935741463,0.0019428675520109903,0.0017400027144491407,0.0017977593475778663,0.0017103134539684518,0.0017746842435065677,0.001678025489653513,0.001742556368835613,0.0016249474790799411,0.0016837255136747248,0.0015786138731506325,0.0016330380603181726,0.0015379163316482135,0.0015903155139522346,0.0015070085867373078,0.0015622320333603741,0.0014803469006162719,0.0015402666345946882,0.0014528782903334438,0.0015153800262167904,0.00142970197096087,0.0014932826182311178,0.0014156845205028543,0.001480052801312584,0.001408479437918906,0.001472779122779363,0.0014020233285322436,0.0014645307054285493,0.0013927134994871182,0.0014523818269078438,0.0013806531006705601,0.001438277213615344,0.0013677674119136284,0.0014256584058193508,0.0013561101638338332,0.0014167517703064971,0.0013469377671846213,0.001411856095752206,0.0013403465154667963,0.0014096598692496275,0.0013355755786253552,0.0014083130439255403,0.001331645752423657,0.0014064535047823533,0.0013277851416843979,0.0014038149334477134
19,1.8420699693267165e-07,0.006403243496562655,0.006405911218877969,0.003399300040283775,0.0034013164700426547,0.0032385026054029763,0.0032492090489243362,0.0028986263593638968,0.0029158673946147384,0.0026967594686839744,0.002730844838269042,0.002587964852904632,0.0026355986864380738,0.002231451272910734,0.002266492844216438,0.0019460626995386487,0.00198288468932824,0.0018970340384012485,0.0019444699577186608,0.0017448395392236798,0.0018011616697926082,0.0017156714314310335,0.0017783826944920134,0.0016897933689903096,0.001754533896121798,0.0016418257002635468,0.0017021086235993067,0.0015961738699654519,0.0016516636043795493,0.0015568637186702142,0.0016093296556095756,0.0015232958935509548,0.0015762631496075434,0.0014966415900661868,0.0015540918586471203,0.0014713339416639027,0.0015330372406367316,0.0014479223617377916,0.0015118569501605937,0.0014309994540191715,0.0014959881126859653,0.0014216961029839656,0.001486965296830399,0.0014160941538599932,0.0014803148832799548,0.001409516963586665,0.0014712050291492325,0.0014000178151655819,0.001458771408422889,0.0013883030899256442,0.001445315839969538,0.0013762281539281928,0.0014337939426206936,0.0013655759580576776,0.0014259847020378115,0.001357330863369942,0.0014219749445458175,0.001351458328883438,0.0014204552689009368,0.0013472195939548289,0.0014197082040003528,0.0013437047301001457,0.0014184214740184155
20,3.0888435964774783e-07,0.006403243496562655,0.006405911218877884,0.003399300040283775,0.0034013164700428173,0.0032385026054029763,0.0032492090489174494,0.0028986263593638985,0.002915867394345339,0.0026967594686840455,0.002730844830366657,0.002587964853055207,0.0026355986565125026,0.0022314513705591534,0.002266491751182518,0.0019461147117927717,0.001982874124107424,0.0019002193785702067,0.0019468312680625357,0.0017503740743462612,0.0018048049662628973,0.0017217414658819191,0.001782598845889951,0.0017007491469366893,0.0017651567511354626,0.001658351571530626,0.0017199292418309353,0.0016134731287600363,0.001670292936316441,0.0015759271420204082,0.0016291677345209976,0.0015416120760164231,0.0015933689623234312,0.0015129741843205745,0.0015674823991264786,0.0014883708585881103,0.0015478685698654539,0.0014657103187892954,0.001529084668151761,0.0014472706080220414,0.0015127178082078312,0.0014354665188532274,0.0015017070502947852,0.0014290626186274503,0.0014948854436819636,0.0014241259668408422,0.0014880942516250458,0.0014173968861300027,0.0014784376834613624,0.001407970323066434,0.0014661124206171536,0.0013968039277295226,0.001453404240497142,0.0013855916388821083,0.0014427669152455415,0.001375852415561372,0.0014357092402734744,0.0013683678515953811,0.0014321783160723685,0.0013630506882607502,0.0014309962155534084,0.0013592254617855503,0.0014306250034159512
21,5.179474679231213e-07,0.006403243496562655,0.006405911218877745,0.003399300040283775,0.003401316470043087,0.0032385026054029763,0.0032492090489059018,0.0028986263593639002,0.0029158673938935982,0.002696759468684245,0.0027308448171160142,0.0025879648534785486,0.0026355986064350904,0.0022314516445191323,0.0022664900371973705,0.0019462513484524077,0.001982909750978471,0.001903959022170229,0.0019496431156464816,0.0017577740387947824,0.0018099129552575266,0.0017287010064191556,0.0017876288931428174,0.0017109976057409666,0.0017745257303950746,0.0016744769377381508,0.0017369124399319465,0.0016310909911877176,0.0016893730053968992,0.0015943890667846927,0.0016487947496221888,0.001561479055749907,0.0016132360357408177,0.0015310637302673458,0.0015832227814018798,0.0015051784684748046,0.001561461130955585,0.001482684604385599,0.0015440211923726517,0.0014636824291856638,0.0015286725834816007,0.0014499392466653278,0.001516822257936798,0.0014418235360430624,0.0015090839175049798,0.001437056176706798,0.0015032511367944774,0.0014323426122340571,0.0014961457727956542,0.0014255521179150489,0.0014862499885650304,0.00141639982690299,0.0014742924770079944,0.001405898746337322,0.0014622994541089846,0.0013955349910591357,0.0014523374456841573,0.0013865859773969926,0.0014456224468995563,0.001379691645703144,0.0014421541896782598,0.0013747666441655043,0.0014409604240211682
22,8.685113737513521e-07,0.006403243496562655,0.006405911218877512,0.003399300040283775,0.0034013164700435416,0.0032385026054029763,0.003249209048886538,0.002898626359363909,0.002915867393136121,0.002696759468684806,0.0027308447948969786,0.002587964854668696,0.0026355985229915856,0.0022314524119911704,0.0022664874952168573,0.0019465959734017795,0.001983094994440355,0.0019077866419431485,0.0019524699989462563,0.0017689009965045795,0.0018185733810514259,0.0017365089666937822,0.0017934984544163205,0.0017204485536330722,0.001782561486099212,0.0016902511235725385,0.001752973729765303,0.0016491861910809392,0.0017088102068631814,0.0016125677201117652,0.0016683384080438829,0.0015816224593652034,0.0016342272215530366,0.001551496319048615,0.0016026151664034036,0.0015236220543566954,0.001576758588575158,0.0014997809405845395,0.0015577576239546975,0.0014799985287786053,0.0015429907937211155,0.001464867716672623,0.0015313571004812133,0.0014549560092779377,0.0015230996129856906,0.0014492810612674854,0.001517373672457074,0.0014453655901331876,0.0015119013804841472,0.0014406938331397042,0.001504549255506972,0.0014339523339391032,0.001494685164361674,0.0014252080226675313,0.0014832300544300367,0.0014154224132577294,0.0014719011963745476,0.0014058552840378238,0.0014623860677540465,0.0013975666135882091,0.0014557002806712999,0.0013910996381277202,0.0014519342681005797
23,1.4563484775012444e-06,0.006403243496562655,0.00640591121887712,0.003399300040283775,0.003401316470044305,0.0032385026054029763,0.003249209048854066,0.0028986263593639315,0.0029158673918659485,0.0026967594686863826,0.0027308447576405302,0.002587964858014226,0.0026355983844197142,0.0022314545566701443,0.002266484155108341,0.0019474143384365158,0.0019836700029244193,0.0019113562114499217,0.0019549970265361734,0.0017853865256873304,0.001832762511635041,0.0017448938618056646,0.0017998693134885287,0.0017291505515027769,0.001789371091734027,0.0017054560031930365,0.0017678244782880336,0.0016676861500774568,0.0017282673309532935,0.0016311538136093901,0.0016883175587289454,0.00160129724803964,0.0016551532801834354,0.001573329610505796,0.0016246901277833163,0.0015449073206760579,0.0015960375299805796,0.0015188284703949984,0.0015731018355031163,0.001497129297917528,0.0015565955886786727,0.0014803675236223451,0.0015447868290903,0.001468722677482625,0.0015364940141651892,0.001461656907605769,0.0015308428466048185,0.001457497643245486,0.0015262997253027795,0.0014539821619781576,0.0015209492199954604,0.0014492966832271082,0.0015135026526266995,0.0014426944944402262,0.0015038758112955173,0.0014344317605132517,0.0014930016683198182,0.001425364720159282,0.0014822867886931071,0.0014165266598873867,0.0014730638581770472,0.0014087835799468326,0.0014661889205094957
24,2.4420530945486497e-06,0.006403243496562655,0.0064059112188764615,0.003399300040283775,0.003401316470045583,0.003238502605402977,0.00324920904879962,0.0028986263593639965,0.002915867389736129,0.0026967594686908166,0.002730844695169634,0.0025879648674168787,0.0026355981558704986,0.002231460525256153,0.002266481108160024,0.0019492026698171836,0.0019851030156169186,0.0019145529777715481,0.0019571358168004264,0.0018071371085969456,0.0018526539188434843,0.0017538323816774428,0.001806572691800594,0.0017374546785943672,0.0017954472618878896,0.0017195370567635883,0.0017808712460542701,0.0016864129511944726,0.0017473852904839493,0.001650528981805502,0.0017088820970315578,0.0016207534197439089,0.0016759544710730771,0.0015951382195117866,0.0016475042759054176,0.0015685435553783461,0.0016191800573935491,0.001541287460932255,0.0015927704904148536,0.0015168797003192343,0.0015722022550231113,0.0014975063715318621,0.001558167440633621,0.001483649870607514,0.0015491815069614686,0.0014748301195347644,0.0015435809706073327,0.0014697463098762467,0.0015397381961538056,0.0014664824830557689,0.0015359162058105212,0.001463130018418626,0.001530658009178407,0.0014584347124307097,0.0015232852648249503,0.001452033905594656,0.0015140427418657274,0.0014442783062157314,0.0015038042354799364,0.0014359022368059457,0.0014936864714301151,0.0014277292022320195,0.0014847007334956785
25,4.094915062380427e-06,0.006403243496562655,0.00640591121887536,0.003399300040283776,0.0034013164700477266,0.003238502605402977,0.0032492090487083202,0.0028986263593641787,0.0029158673861648435,0.0026967594687032836,0.002730844590422625,0.00258796489383513,0.0026355977833763334,0.0022314770227828034,0.0022664829867595783,0.0019527258098791848,0.00198813568525022,0.001917503024078597,0.0019590250811962638,0.0018317140189609664,0.0018758166713531462,0.0017641369945859144,0.001814360988874756,0.0017458448378119638,0.001801445382376347,0.0017320132048842273,0.001791646236775178,0.0017048815185421473,0.0017655719928537119,0.0016706735379319107,0.0017297788771931434,0.0016406293850238865,0.0016970400514375675,0.0016163034463699624,0.0016699189858328089,0.0015928037024139398,0.0016440568285497614,0.0015669074089446778,0.001617195852681479,0.00154075513349904,0.00159267106337916,0.001518119124500394,0.0015742412613344956,0.001501055111775319,0.0015625188661967757,0.001489700008737671,0.0015559296798550505,0.00148300373341268,0.0015523559829939437,0.0014792390250523368,0.001549765887599872,0.0014764917963013741,0.001546458834373413,0.0014732048399325012,0.0015413702880617323,0.001468536468567225,0.0015342424482026663,0.0014623776404961938,0.0015255016440442787,0.001455122423714467,0.001515946437093397,0.0014473923311637338,0.0015064438536489789
26,6.866488450042998e-06,0.006403243496562657,0.0064059112188735124,0.0033993000402837764,0.0034013164700513222,0.0032385026054029776,0.0032492090485552265,0.0028986263593646895,0.002915867380176616,0.0026967594687383354,0.0027308444147980406,0.0025879649680238615,0.0026355971888387462,0.0022315221163175534,0.002266504911644017,0.001958919124105017,0.0019936939140093764,0.0019205522190156102,0.0019610040560750497,0.001855681693054038,0.0018986180088879558,0.0017774759728855405,0.0018250533468666002,0.0017547405901514942,0.00180787416904541,0.0017429347584921218,0.0018003230465142967,0.0017222647700101544,0.0017819387839824417,0.001691263160609384,0.0017505204778891093,0.0016612773438499384,0.0017185446923126129,0.0016371666970929663,0.0016919322798297173,0.0016162703715560175,0.0016685952415954781,0.0015937505794612074,0.0016442075103159197,0.0015684930695708539,0.0016186291683116124,0.001543624905546231,0.0015958660942249,0.0015228225042801216,0.001579380228396565,0.0015078418130861128,0.0015696251517191037,0.0014984623848943424,0.0015648824811785532,0.0014932676870176998,0.0015627652128162137,0.001490355284789417,0.001561078799195909,0.0014879212047838974,0.00155823700411735,0.0014846954873449455,0.001553458304521122,0.0014801172958728887,0.0015467384283528727,0.0014742352472595752,0.0015386013552251573,0.0014674595060484344,0.0015297736844111613
27,1.1513953993264481e-05,0.006403243496562658,0.006405911218870417,0.0033993000402837794,0.0034013164700573513,0.0032385026054029807,0.003249209048298516,0.0028986263593661276,0.002915867370135954,0.0026967594688368907,0.0027308441203558746,0.002587965176186431,0.0026355962762233173,0.002231643170011409,0.0022665906602383446,0.0019686670303397445,0.0020026712444350453,0.0019242409996162754,0.001963592362445551,0.0018765569927561526,0.0019183732644205166,0.0017954554339553903,0.0018405710072938886,0.0017646545914524804,0.0018152256842969817,0.0017529223241196453,0.0018077453880071225,0.0017378218390960997,0.001795751909003627,0.001711646242752898,0.0017703607503336597,0.001682624601047123,0.0017402192366410868,0.0016582879159330647,0.001713876996946299,0.0016387122742810806,0.0016920701632690358,0.0016197610484406035,0.001671040926770915,0.0015978854092556106,0.0016477651934223279,0.0015735313119566523,0.0016235503656570568,0.0015501665300304386,0.0016024995988503838,0.0015311476563995622,0.0015876987656783363,0.0015179035916038518,0.0015794553250967017,0.0015099709121249197,0.0015760047793170078,0.0015057743756151005,0.0015748845503880302,0.0015034025313521789,0.0015738910445727654,0.001501194453990726,0.0015715476797791184,0.001498086777145008,0.0015672395739569568,0.0014936879802246164,0.0015610884485002087,0.0014881290583399485,0.001553649482478622
28,1.9306977288832496e-05,0.0064032434965626646,0.006405911218865225,0.0033993000402837855,0.0034013164700674647,0.003238502605402989,0.0032492090478680588,0.0028986263593701713,0.002915867353301153,0.002696759469113985,0.00273084362676968,0.002587965759429653,0.002635594981648003,0.0022319590404878123,0.0022668562796991252,0.0019825646060729275,0.0020156859806206837,0.0019293150629503485,0.0019675137152587617,0.001893523002025959,0.0019341706533793762,0.0018182091003077316,0.001861304916844227,0.001776627737337481,0.0018245375837841232,0.001762866176503079,0.0018150167310139124,0.0017514290150678793,0.0018070255016370753,0.001730963157764276,0.0017883968829003828,0.0017042941485502828,0.0017615818529241943,0.0016799078030003411,0.001735832028063122,0.0016606399568348863,0.0017147105145049264,0.0016441244569394974,0.001696262676086195,0.0016263742590902485,0.001676796396559803,0.0016052788708325525,0.0016546915817143687,0.0015821925619122525,0.001632013946490789,0.0015604959162951204,0.001612617214346089,0.0015431285083916551,0.0015991974820070704,0.0015312483661467223,0.0015919894198505786,0.0015242955715833427,0.0015893243394593214,0.0015207072074993441,0.001588832093390786,0.00151866831037268,0.0015883872551747849,0.001516662443953901,0.0015865976651048904,0.001513760054224165,0.0015829150596663346,0.0015096497428164068,0.0015774838273769798
29,3.237457542817647e-05,0.006403243496562685,0.006405911218856529,0.003399300040283806,0.003401316470084431,0.0032385026054030123,0.003249209047146262,0.0028986263593815402,0.0029158673250767667,0.002696759469893016,0.0027308427995118333,0.00258796738971633,0.002635593467422991,0.002232748558575559,0.0022675826845410625,0.0020007871700545585,0.0020329454256616734,0.0019367525880933964,0.0019737393603226805,0.0019070480691210933,0.0019464679721157545,0.0018438669811418414,0.001885400130349157,0.0017922891957422866,0.0018375891067350463,0.0017737476702000602,0.0018232228758241476,0.0017637210099003275,0.0018166512210685665,0.0017485619219509262,0.001804025611847123,0.0017257046099648573,0.0017820030967125734,0.0017019725956278955,0.001757652584191206,0.0016825476238249404,0.0017368593902618538,0.0016671696434045753,0.0017198529367490841,0.0016526911264508053,0.0017037515656184027,0.001635945562294115,0.0016856259601739421,0.0016159602298968351,0.0016649218370222423,0.0015944748902244523,0.0016439487853295443,0.001574542313641375,0.0016261307324922185,0.0015586703091321464,0.0016137986952107428,0.0015478250667225776,0.0016071991203285535,0.0015414768606718267,0.001604885542953642,0.0015382000635268435,0.0016047070827655912,0.0015363445521681001,0.0016046790516319113,0.0015345343714083027,0.0016034712936305808,0.0015319216550557188,0.001600530788443524
30,5.4286754393238594e-05,0.006403243496562738,0.00640591121884197,0.0033993000402838596,0.0034013164701129027,0.0032385026054030765,0.0032492090459359567,0.0028986263594135064,0.0029158672777626683,0.0026967594720830245,0.002730841413474918,0.002587971928655418,0.0026355927453141094,0.002234604500279001,0.0022693779065215405,0.002023236945718686,0.002054406916561611,0.0019477128537520392,0.0019834508184847885,0.0019183730524725423,0.0019565255255363824,0.0018696067069859396,0.0019098570708528419,0.0018130238194862549,0.0018560253583950986,0.0017868291144115464,0.0018336686464283034,0.001775833342675489,0.001826023791543424,0.0017644340385383102,0.0018174280109088587,0.0017462303381931047,0.001800869888789258,0.001724302234006428,0.001779128340719347,0.0017047330185885848,0.0017587524435772064,0.0016895580729101606,0.0017423253243799178,0.0016769901137936485,0.0017283854183639178,0.001664005181143471,0.0017140794918014592,0.0016483581261967743,0.0016973423710870798,0.0016298241392020986,0.0016782842151098702,0.0016101843545741467,0.0016591356303486825,0.001592058668759607,0.001642821665294756,0.0015775485877021222,0.0016313461933626517,0.0015674933346736543,0.0016250237605239235,0.0015614771316977485,0.001622711916362003,0.0015582914688978436,0.0016225685338473038,0.0015564965311646475,0.0016228022839238818,0.001554859260566769,0.001622142888674675
31,9.102981779915228e-05,0.006403243496562891,0.006405911218817617,0.003399300040284013,0.003401316470160707,0.003238502605403257,0.0032492090439065493,0.002898626359503389,0.0029158671984625953,0.0026967594782387238,0.0027308390925152434,0.002587984482484954,0.0026355965088973006,0.0022386301630829067,0.0022733842810562918,0.0020497695970043786,0.002080027101333119,0.0019633205578539143,0.0019978225189808702,0.0019292105887511388,0.0019660838284998343,0.0018931741781055944,0.001932227216187053,0.0018387386824217523,0.0018799209870347781,0.0018037904798304967,0.0018481445314132209,0.0017891615385849206,0.00183669804504566,0.0017793381139368024,0.0018296483281383547,0.0017655068416343553,0.0018179405650580558,0.0017466165659661796,0.0017999940240620116,0.0017274587830039083,0.0017806544391297855,0.001711933568415841,0.0017642962977128126,0.0017000546006030119,0.0017513393681879985,0.0016895295760200081,0.0017397034602239375,0.0016778232574197458,0.0017269530028326523,0.00166346015936215,0.0017117370405930563,0.0016466352076375634,0.0016945062851082154,0.0016289809118714567,0.001677243275250968,0.0016126665389667304,0.0016623751221923177,0.0015994281984965473,0.0016516128435214435,0.00159001569051163,0.0016453554677207966,0.0015841634091718932,0.0016427931004947248,0.0015809174687662169,0.0016424424109350313,0.001579075857655235,0.0016427516807864019
32,0.00015264179671752333,0.006403243496563319,0.006405911218776953,0.0033993000402844447,0.0034013164702410407,0.0032385026054037648,0.0032492090405037803,0.0028986263597561065,0.0029158670655958724,0.0026967594955372466,0.002730835209623022,0.0025880188263700506,0.0026356161958077636,0.0022465716550740126,0.002281413508860012,0.002080006791988497,0.0021095653166666147,0.0019842509021069633,0.0020175805758368367,0.001941567611335513,0.0019771915133332445,0.0019137266216431397,0.001951559918467887,0.00186749621564053,0.0019072828930695798,0.0018261582539054748,0.0018683707600492267,0.0018053755209179255,0.0018504368466112846,0.001794626510532208,0.0018422970148766888,0.0017837620156340276,0.0018336864094839387,0.001768569023369455,0.001819989654963862,0.00175090095393323,0.0018027770353211514,0.0017350087945208876,0.0017865200659508806,0.00172285359806655,0.001773592596272205,0.0017134236931960144,0.001763278692202008,0.0017044637780156227,0.0017534527459031647,0.0016939866100497167,0.0017421724217026187,0.0016810684052141346,0.0017285901852064755,0.0016660935492715076,0.0017132770629514267,0.0016504639201544678,0.001697903088258197,0.0016359311912113254,0.0016844384613649197,0.0016239126030827861,0.0016743307624644227,0.0016150831520975288,0.001668047418603813,0.0016093237971672222,0.0016650901862754416,0.001605935248436068,0.001664343688047213
33,0.00025595479226995333,0.006403243496564524,0.006405911218709255,0.0033993000402856564,0.003401316470376235,0.0032385026054051933,0.003249209034798489,0.0028986263604666497,0.002915866843099365,0.0026967595441301706,0.0027308287238431974,0.0025881111106198,0.0026356841086352884,0.0022607180659176183,0.0022958263753474206,0.0021130655222497113,0.0021422788430443818,0.002010431168895941,0.002042681823812322,0.0019575142502142213,0.001991975835521155,0.0019319573066677853,0.0019685356409976963,0.0018964855934365432,0.001935097461233962,0.0018541577649587178,0.001894701727254608,0.0018263132396207954,0.001869197784889609,0.0018120457036960413,0.0018572855495300384,0.001801973829367118,0.001849366320067554,0.0017900191911020523,0.0018391640830584006,0.0017749279929882699,0.0018250617422393076,0.0017594120193916447,0.0018096875982942322,0.0017465241586669914,0.0017963647261659526,0.0017369574565524893,0.0017861258482426534,0.0017293274438677166,0.0017777986856588792,0.0017216464958223644,0.0017694657128864203,0.001712398735166255,0.0017596162234188944,0.0017010128966756944,0.00174771619476486,0.0016879179864243217,0.0017343235332426675,0.0016742670046233725,0.0017207915560314324,0.0016614510664027394,0.0017086936084903376,0.0016506175895547345,0.0016992423554418501,0.0016423706260036536,0.0016929419679573739,0.001636710312591121,0.001689551851677331
34,0.00042919342601287783,0.00640324349656791,0.006405911218597103,0.003399300040289064,0.0034013164706043096,0.003238502605409211,0.0032492090252333066,0.0028986263624643403,0.0029158664708498353,0.0026967596805434193,0.002730817918906906,0.0025883519819615893,0.002635884582008535,0.002283341339529902,0.002318928687924584,0.0021478966583703104,0.002177238110772157,0.002041336994251532,0.002072632890583043,0.001978697884506389,0.0020121321945265557,0.001949778709695544,0.001985121871380543,0.001923534087877772,0.001961004345437109,0.0018860788442150562,0.0019253619329826417,0.0018532434398787865,0.0018943802342799056,0.0018335509014178217,0.0018766839635594422,0.0018217809274546249,0.0018668411481931485,0.0018114636093484692,0.0018582689721096488,0.0017992074096328484,0.001847318358954656,0.0017852472652837448,0.0018339711051515105,0.001772065902072803,0.0018207425997769345,0.0017616291533005131,0.0018098634746429858,0.001753954081972554,0.0018016239738982865,0.0017476496622532347,0.0017947837245581965,0.001741059361135325,0.00178771619102427,0.0017330259278105005,0.00177924337425947,0.0017231785108295073,0.0017690022304832846,0.0017119067954255818,0.0017574642426349413,0.0017001270396934613,0.0017456896334195823,0.0016889310716091022,0.0017349173661491937,0.0016792443682117617,0.001726154147480049,0.001671603334540805,0.001719909347540026
35,0.0007196856730011514,0.0064032434965774305,0.006405911218412887,0.003399300040298646,0.0034013164709906204,0.0032385026054205053,0.0032492090091987016,0.002898626368080484,0.0029158658490106687,0.0026967600630784217,0.00273079999861928,0.002588952401559398,0.0026364181720741286,0.002315416617430353,0.002351656579478235,0.002183952337584928,0.0022139696536367,0.0020764843105115943,0.0021070239630769697,0.002005722836607428,0.0020382704074567368,0.001969709001945536,0.002003921808011188,0.0019481781839826792,0.0019844660078910206,0.0019189805497736242,0.001957197447129251,0.0018858027314704122,0.0019256367915141937,0.0018607786689947149,0.0019022264119286983,0.0018451809783979964,0.00188825408003097,0.001834246668333588,0.001878886700763306,0.0018238044464209617,0.0018698213404887867,0.0018120584070458023,0.0018590158475290143,0.0017997146246737038,0.0018470228341872692,0.0017886614621280578,0.0018358166286771022,0.0017800947788267657,0.001826829804903641,0.0017737551339147301,0.001820020694926789,0.0017684251071201132,0.0018142798179091317,0.0017627698959323812,0.001808279186149464,0.0017558908239604814,0.0018010855849129813,0.00174751554324658,0.0017924139865324912,0.0017379509821636475,0.0017826159263907957,0.00172789931136987,0.0017724908474656582,0.001718206116391462,0.0017629974534966203,0.00170961564174428,0.0017549619560931924
36,0.0012067926406393265,0.0064032434966042025,0.006405911218114792,0.0033993000403255884,0.0034013164716492745,0.003238502605452264,0.0032492089823243043,0.002898626383867524,0.002915864812926392,0.0026967611338664732,0.002730770501593792,0.0025903472844240162,0.0026377022817291084,0.00235512914186668,0.0023921006525960188,0.0022215487923587774,0.0022527695472737007,0.0021154315941275177,0.002145536035275627,0.002038120205580269,0.002069897169646077,0.0019939626384264286,0.0020272134798856927,0.0019717821729737803,0.0020068865295409235,0.001950348781338902,0.001987494103858572,0.0019216880384684307,0.0019605027570416926,0.001894077326820324,0.00193427605492337,0.001873936225383051,0.001915451853850766,0.0018602839955392508,0.0019031018955472851,0.001849712318243601,0.0018937857677892834,0.0018395681152588868,0.0018847019276917259,0.0018288636915294349,0.0018746596014594112,0.0018182431650840547,0.0018642170207257703,0.0018089867330331713,0.0018547550034059938,0.001801803780821089,0.001847183617506843,0.0017963857660012537,0.0018413678873033194,0.0017917606705533389,0.0018364166251191396,0.0017868840416125273,0.0018312827592299498,0.0017810460487352859,0.0018252182653141127,0.0017740151931037017,0.0018179669554967107,0.0017660003432552313,0.0018097547181203273,0.001757515222364681,0.0018011548025509653,0.0017492002584052354,0.0017928885520917502
37,0.0020235896477251557,0.006403243496679478,0.006405911217645321,0.003399300040401343,0.003401316472784305,0.003238502605541561,0.0032492089372968607,0.0028986264282369776,0.002915863094232034,0.002696764122241967,0.0027307225751757908,0.0025932724960289143,0.0026404424679272133,0.002397872563070567,0.0024355708342171777,0.002261602556587616,0.002294390442158934,0.002157613505129851,0.002187744556472201,0.002075159741507862,0.002106292576739762,0.002023511871650915,0.002055967873894364,0.0019967305889578694,0.0020307399268092,0.001979477452293072,0.0020154728228113606,0.0019577460690842962,0.001995583786865182,0.001931824180216735,0.001971067657682285,0.0019086554531945524,0.0019490305194881023,0.001891321833316456,0.0019327403833039735,0.0018786735767602866,0.0019211249727023795,0.0018684704104984843,0.0019119113198675648,0.0018589839908189445,0.0019032289628070787,0.00184955764865011,0.0018942644519345235,0.0018405717524611486,0.0018853509096954841,0.0018327997929625957,0.001877355407373223,0.0018266520818972878,0.0018708513905309702,0.0018218736833296128,0.0018657226263311302,0.0018177478032738864,0.0018613175075013297,0.0018134868036221888,0.001856846205461672,0.0018085301073195482,0.0018517142385639728,0.0018026644220900368,0.0018456796571559215,0.0017960063577876309,0.0018388581487013827,0.0017889099428699273,0.0018316347248808317
38,0.00339322177189533,0.006403243496891134,0.0064059112169435285,0.0033993000406143483,0.0034013164747735357,0.003238502605792644,0.0032492088618957964,0.002898626552899159,0.0029158602646340314,0.0026967724210613824,0.0027306464451166824,0.002598614058751906,0.002645473078983174,0.002438413480228854,0.0024768137057293114,0.002304677616299413,0.0023391160955030283,0.002202381901032729,0.0022331051440071157,0.0021164543866353967,0.0021471572117989814,0.0020580211701358036,0.0020898043179219394,0.0020250794464094285,0.002058140751898771,0.002007587128009177,0.002042402350819431,0.0019917746567328577,0.002028515688631465,0.001970943688269776,0.002009275969147624,0.0019480704911154253,0.001987562537932863,0.0019279659321437038,0.001968362381301147,0.0019122984760405858,0.001953515296746741,0.0019003103269451958,0.0019423406098178573,0.001890583961191784,0.001933385417005659,0.00188193478485581,0.0019253439927966129,0.0018738046964914662,0.0019175404204424765,0.0018662852045390449,0.0019100378075280664,0.0018597574228739345,0.001903293057491007,0.0018544337409103697,0.0018976454841413218,0.0018501339508150295,0.0018930251821847647,0.0018463680685913606,0.0018889983455166598,0.001842571174188926,0.0018850038023475561,0.0018383124222087828,0.0018805863358067848,0.001833397434924227,0.001875525868192072,0.0018278713573721774,0.0018698580312993037
39,0.005689866029018305,0.006403243497486263,0.006405911216006958,0.0033993000412132685,0.003401316478350887,0.0032385026064986255,0.003249208735748825,0.002898626902975622,0.0029158556668153835,0.002696795280973687,0.0027305303217672904,0.002606843002657541,0.0026531877990506815,0.0024734681437617095,0.002512582147268875,0.0023498547505333626,0.00238576068625494,0.0022490496313829237,0.0022809104592845437,0.0021617031508934475,0.002192331811358397,0.002096876389853028,0.0021281029124637905,0.002057549730548683,0.0020898007366521847,0.002036693418861015,0.0020703829782201606,0.0020235559725108893,0.002059064730320232,0.002008540091524072,0.002045799236627318,0.001989302674617813,0.0020279100228169913,0.001969020407461148,0.002008580879714068,0.001951015536212062,0.0019913026554972406,0.0019364655177036053,0.001977404258412642,0.0019250292995616146,0.0019666105629913113,0.0019158341892918998,0.0019580170462470394,0.0019080259621950852,0.0019506745150087716,0.0019010669298030094,0.0019439580483117153,0.0018948135941763706,0.0019377035349431439,0.0018893545060065734,0.0019320541040524345,0.0018847511226600504,0.0019271648437128616,0.0018808731227344271,0.0019229911276071085,0.0018774041882972017,0.0019192659349118572,0.0018739620076296444,0.0019156177301565605,0.0018702320965393437,0.001911719138639259,0.0018660495297838115,0.0019073870486575467
40,0.009540954763499924,0.006403243499159624,0.00640591121511192,0.00339930004289729,0.0034013164850292335,0.003238502608483654,0.0032492085250312524,0.002898627885217621,0.00291584836882984,0.0026968574318175643,0.0027303663810741554,0.002617371945766698,0.0026629132496285646,0.002502765910880834,0.0025426421793850436,0.0023944670792697166,0.0024315278424214227,0.0022967770989381882,0.0023301144734796113,0.002210154543012394,0.0022411900001025028,0.0021399193329618613,0.0021707911396620346,0.0020938790568601636,0.0021254311404928683,0.002068167540089784,0.0021008315599006346,0.00205436457084177,0.002088584049881787,0.002043337643869475,0.0020793019749511224,0.002029238159217922,0.0020667407457615155,0.0020117299429978424,0.0020503733662899223,0.0019935220090921244,0.0020329625267725753,0.0019770672342832815,0.0020171105182813635,0.001963390738021801,0.0020039683553895685,0.0019524618090878553,0.0019935582662439855,0.0019437669871896792,0.001985342678673352,0.0019366760290590052,0.0019786219551378424,0.0019306724497143185,0.0019728164054195994,0.001925459401023393,0.0019676118435848163,0.001920919648709984,0.001962925976990741,0.001916988993099012,0.001958759285759484,0.0019135464269668767,0.0019550542682016865,0.0019103845108982558,0.0019516450549559843,0.0019072543490353238,0.001948298147274568,0.0019039389209739633,0.001944793628342455
41,0.015998587196060572,0.006403243503864705,0.006405911215510237,0.0033993000476323517,0.0034013164981389274,0.0032385026140649698,0.0032492081739700406,0.0028986306372298606,0.002915837282678844,0.0026970229538418686,0.002730170967352654,0.002628661929554977,0.0026730563911967387,0.0025282478109571876,0.002568894732316134,0.0024353520293842494,0.0024732738196880737,0.002344167299705105,0.0023789907572316837,0.0022603700932053205,0.0022923031704457216,0.0021869769379249384,0.0022178362161787493,0.002133968924394703,0.00216497494687885,0.00210235961473055,0.0021341094658540957,0.0020856109130723234,0.0021185719848862885,0.0020757668512452966,0.002110283274680896,0.0020660066799916103,0.002102113557674216,0.002052974497530279,0.0020904144299476496,0.0020371104229986027,0.002075527353777988,0.002020616819539826,0.0020597230008116466,0.0020054332184165674,0.002045065350791862,0.001992524608528266,0.0020326187682418173,0.00198206303829946,0.0020225963583924483,0.0019737776216709794,0.00201471130759144,0.0019672112489385815,0.002008458918346401,0.001961897730671945,0.002003328854485716,0.001957469904830909,0.001998939202519856,0.0019536836698874484,0.0019950656712406757,0.0019503750823006683,0.0019915857803481534,0.0019473997776711834,0.00198839913667652,0.0019445984647857163,0.0019853787240482197,0.0019418020383183566,0.001982371459047827
42,0.026826957952797274,0.006403243517094219,0.006405911221518057,0.003399300060946161,0.0034013165254955465,0.003238502629757749,0.0032492075917009153,0.002898638329231229,0.0029158218999801146,0.002697450146724988,0.002730038382390645,0.002639169550076003,0.0026820763365703023,0.002552194930442562,0.002593462001431757,0.0024707011478663984,0.0025092765044473077,0.0023890522667136182,0.0024250980859233306,0.0023103698280356145,0.002343514608064515,0.0022370017187683723,0.0022682889647565757,0.002178078770243451,0.0022088134403780075,0.002139500943056042,0.0021704952664820527,0.002118100143967113,0.0021499020125204616,0.0021069590094579703,0.0021399950017803484,0.0020994052551221725,0.00213389947094286,0.0020906349228040693,0.0021265341927732494,0.0020787512229504994,0.0021158017554218913,0.0020644272340212427,0.002102329079003261,0.002049445880866834,0.0020879654430313254,0.0020354059194741597,0.002074408630055153,0.0020232216607376933,0.0020626486520256017,0.0020131884281584383,0.0020530117885653957,0.0020052041537303167,0.0020453863084016026,0.0019989563187156295,0.0020394285467943154,0.001994057335325053,0.002034721369124649,0.0019901390430329784,0.0020308849563324682,0.00198690118155792,0.002027629050459453,0.0019841150091331043,0.002024749588838178,0.001981601031662421,0.002022095219420856,0.001979205695367916,0.0020195349478620175
43,0.04498432668969453,0.006403243554292141,0.006405911246606491,0.003399300098381096,0.0034013165864777905,0.0032385026738794296,0.0032492066333316195,0.0028986597427505447,0.00291580498142562,0.002698503644794858,0.002730259663828086,0.0026481710766054862,0.002689284551845562,0.0025756025769132686,0.0026171197558415163,0.002500906733948897,0.0025399892537088984,0.002429309613403203,0.002466220400889851,0.002357904785975416,0.002392267885782419,0.00228786812206316,0.0023199777234858797,0.002225857786725428,0.002256716771966409,0.002180256202831165,0.002210770485384106,0.0021525544848169363,0.0021833839052288737,0.0021379865907839293,0.002169635883456487,0.002130280489239511,0.0021630987627134566,0.0021241712661707437,0.002158292101968975,0.0021163188261182062,0.0021516550143606586,0.002105630587778035,0.00214196010174732,0.002092784932664718,0.002129866009095749,0.0020792226149363496,0.0021168703308880633,0.0020662815383645384,0.002104387547179522,0.002054814592951597,0.0020933274659338647,0.0020451872122901017,0.0020840786887681107,0.002037417416370541,0.0020766535287622826,0.002031314814437225,0.0020708414025717523,0.002026585271240079,0.0020663287715419892,0.002022907083495369,0.0020627853115247115,0.0020199811982808884,0.0020599164654694795,0.002017554679958887,0.0020574830566743112,0.0020154226215489913,0.002055296795623977
44,0.07543120063354607,0.006403243658882144,0.006405911330891155,0.0033993002036375166,0.003401316731218727,0.0032385027979262683,0.003249205076906064,0.0028987189591504563,0.0029158009159234114,0.002700945345465058,0.0027315335193615277,0.0026558788614807214,0.0026949252206646622,0.0025979583546938924,0.0026391948008670832,0.0025279425851087913,0.00256736821672059,0.0024641833177184293,0.002501648110180829,0.0024009534039846287,0.002436279769717376,0.002336924547562896,0.0023700298738300366,0.0022756240655344854,0.0023070121359396864,0.002224943685124175,0.0022553768249721096,0.0021901385671103347,0.002220314098832917,0.002170106932124297,0.0022006017850531396,0.0021599320193030425,0.002191189524734205,0.0021543286636344725,0.0021866234979229762,0.002149238425808277,0.0021826516994362605,0.0021422981712887353,0.00217674322596257,0.0021328383939094773,0.002168136111976043,0.002121446407682499,0.0021574086833000897,0.0021092729316195867,0.0021457562955876567,0.002097434145797953,0.0021343533618298333,0.0020867091661431135,0.0021240223731285096,0.00207749799761177,0.0021151815441514065,0.002069904372249868,0.002107931654723239,0.002063838413276513,0.0021021694608003116,0.002059099292624484,0.0020976809701039913,0.0020554356050549913,0.002094208245873298,0.0020525881870071794,0.002091493571631151,0.002050317191524441,0.0020893041688183774
45,0.12648552168552957,0.006403243952955865,0.006405911590916904,0.003399300499584988,0.003401317093374047,0.0032385031466554783,0.0032492026092740107,0.002898880918760604,0.002915859473920573,0.002706169939875118,0.002735233619488227,0.0026631561639943275,0.002699894717213807,0.002618263436597727,0.0026586355661181857,0.0025539762166132164,0.002593487513021296,0.0024947678237991805,0.0025325451364403275,0.002438672723918862,0.0024746143670537333,0.0023818748516933022,0.0024158617760040267,0.002324736423920571,0.0023568950896528836,0.002272547131831076,0.00230331851053493,0.0022317977127889947,0.0022617581032521746,0.002205065204878803,0.002234790646919306,0.0021901807197595956,0.0022201748577044887,0.002182729016681861,0.0022133696974010976,0.0021784173378845543,0.0022099238264391362,0.0021741159263307767,0.002206546875311589,0.0021680873576057514,0.0022013749745507594,0.0021598683748468377,0.002193877951065946,0.002149915799513254,0.0021845056916034973,0.0021391272452266825,0.0021741878636790052,0.0021284199758457244,0.0021638851813391806,0.0021184891822733963,0.0021543268090527022,0.0021097439058746156,0.0021459376970403236,0.002102347325574739,0.002138880960889904,0.0020962890059214438,0.0021331376576806424,0.0020914505276017066,0.0021285800852267936,0.0020876546798045998,0.002125025624799209,0.002084700317115893,0.0021222726232163125
46,0.21209508879201924,0.006403244779779868,0.006405912360650104,0.0033993013316772776,0.0034013180364827755,0.0032385041269103907,0.0032491988712027076,0.0028993159472484433,0.0029161283599715036,0.002716295722156775,0.002743527049033222,0.0026712476039558097,0.0027055005047888327,0.002636091079828298,0.0026750217443476817,0.00258022156896702,0.0026194422050322967,0.0025234120906493882,0.0025612776403316916,0.002472043066848633,0.0025082896030336386,0.002421803233384927,0.0024563718146570464,0.0023707194589154997,0.0024036165747556714,0.0023207969684649193,0.0023521760098930058,0.0022771913599174813,0.002307381528550005,0.002244404460937074,0.0022738543222804984,0.00222338640554928,0.002252578158305257,0.0022117986704257393,0.002241163465334527,0.0022059509585313107,0.002235808496831687,0.002202417929556047,0.0022329518457216624,0.002198751916289751,0.002230017429410169,0.002193607685553008,0.0022255633787467135,0.002186606120215745,0.002219158493136814,0.002178062048734086,0.002211108453766095,0.0021686504969498648,0.002202108402848309,0.002159107244618908,0.0021929251737084162,0.0021500364252009497,0.0021841897559878062,0.0021418364502922833,0.0021763156672467733,0.0021347086734719335,0.0021695076017946785,0.0021287028697236166,0.0021638114016165016,0.002123767478947038,0.0021591696081246633,0.002119790679531954,0.0021554661213117146
47,0.3556480306223136,0.006403247104413698,0.006405914589557674,0.003399303671123028,0.00340132056207594,0.0032385068817921262,0.0032491937261401324,0.0029004507855056984,0.002917003338930034,0.002733707217806628,0.002758918329130145,0.0026816477109884323,0.002713323781899562,0.0026520245730396875,0.0026889593387248905,0.002606687065310958,0.002645138369440915,0.002552682750147945,0.0025903706702356593,0.00250352265082887,0.002539823212276824,0.0024578227144118393,0.0024926467043796703,0.002412576684417379,0.0024459562971580464,0.002367314705376959,0.002399297866729753,0.002324557387817563,0.0023552526850289064,0.0022883719567834693,0.0023180117674950823,0.002261629995715618,0.0022905626052130527,0.002244495530956533,0.002273116522012341,0.002234900156359421,0.0022635712077163695,0.0022299015514929193,0.0022588946859139723,0.002226793684293258,0.0022562716257177656,0.002223625998416917,0.002253650706431185,0.0022192975084706123,0.0022498553617815785,0.0022134460029564137,0.002244479878900038,0.0022062470531740317,0.002237686870812476,0.002198180443976167,0.0022299654479813647,0.0021898163892596478,0.0022219059055048488,0.002181663968431904,0.0022140376473663405,0.002174095595274394,0.0022067472600177025,0.0021673334175056633,0.002200263350409932,0.002161471518632527,0.0021946806525836105,0.0021565106980716625,0.0021899979546914743
48,0.5963623316594636,0.006403253639784548,0.006405920964426999,0.0033993102481355416,0.003401327451202363,0.0032385146214584304,0.0032491882522659088,0.002903277613358219,0.0029194404226688475,0.0027597659803682865,0.0027829252803472635,0.002696130975396736,0.002725210925442529,0.0026676394944209515,0.002702089859219382,0.0026327754425904044,0.002669890707102456,0.0025842858561484676,0.0026214491862199367,0.0025361688317384994,0.002572288813101266,0.0024926962292967656,0.0025275075035262953,0.0024515649428624793,0.002485102361770971,0.002411160733776569,0.0024435029441769534,0.002371796041769646,0.002402980480930278,0.002335655721926128,0.0023657387573442373,0.0023055693365948283,0.0023347040636238713,0.0022832991226278505,0.0023117443280571415,0.0022687298774490463,0.002296797248441198,0.002260234941613086,0.002288220738714142,0.002255564527788577,0.0022837012611067577,0.002252607093268382,0.002281045125166191,0.002249786691692457,0.002278598927397338,0.0022461598400537208,0.002275359050784235,0.002241347573712603,0.0022709083971961543,0.0022353957344991683,0.0022652759852807357,0.002228612697043259,0.002258770170402896,0.0022214171635480786,0.002251819735599558,0.002214220729143696,0.002244849682012888,0.002207356976558597,0.0022382053997534257,0.00220105395039192,0.002232122931124045,0.002195437336378304,0.0022267322751677735
49,1.0,0.006403272011202247,0.006405939066753795,0.0033993287366115383,0.003401346462973165,0.0032385363535386022,0.0032491879206688855,0.002909840812255373,0.0029254544101834272,0.002793351774352577,0.002814561113666474,0.0027168359196695726,0.0027433466253741195,0.0026853135306384116,0.002716940720673658,0.0026583130239485318,0.0026934645983899734,0.0026183557927168775,0.002654531284528454,0.0025725918855417883,0.0026082538504680064,0.002529828553289055,0.0025644064862629765,0.0024907372373284215,0.002524157966512126,0.002453760057476207,0.0024861303366324394,0.0024181767397522713,0.0024495828623631926,0.0023844642471070104,0.002414923813188427,0.002354140407893785,0.0023836686621024903,0.0023289828199263337,0.002357666517620196,0.0023100426541510224,0.0023380575287824177,0.0022971688534021463,0.002324745243447455,0.002289200084325988,0.0023165714056846256,0.002284498251985065,0.002311860843170647,0.002281456050177701,0.00230895038751001,0.002278803720773037,0.0023065135285320433,0.002275715678081685,0.002303677368540918,0.0022717877406345155,0.0023000040467392275,0.002266950941208776,0.002295404944808393,0.002261363196879625,0.0022900304063538024,0.002255303147863222,0.0022841601849553483,0.00224908181320333,0.0022781112459801358,0.0022429807927138016,0.002272172681625625,0.0022372184059569885,0.002266569806294733
